<?xml version="1.0" encoding="UTF-8"?><?xml-stylesheet href="currentc.xsl" type="text/xsl" ?><rss version="2.0" xmlns:atom="http://www.w3.org/2005/Atom"> 
<channel>
<title>本港地區天氣報告</title>
<link>https://www.weather.gov.hk/tc/wxinfo/currwx/current.htm</link>
<description>本港地區天氣報告</description>
<language>zh-tw</language>

<copyright>本檔案的內容，包括但不限於所有文本、平面圖像、圖畫、圖片、照片以及數據或其他資料的匯編，均受版權保障。香港特別行政區政府是本檔案內所有版權作品的擁有人。</copyright>
<image>

    <title>本港地區天氣報告</title>
    <link>https://www.weather.gov.hk/tc/wxinfo/currwx/current.htm</link>
	<url>https://rss.weather.gov.hk/img/hko_logo.gif</url>
    <width>80</width>
	<height>54</height>
</image>
<atom:link href="https://rss.weather.gov.hk/rss/CurrentWeather_uc.xml" rel="self" type="application/rss+xml" />
<item>
    <author>hkowm@hko.gov.hk (香港天文台)</author>
    <guid isPermaLink="false">http://rss.weather.gov.hk/rss/CurrentWeatherBig5/20240123070200</guid>
    <pubDate>Mon, 22 Jan 2024 23:02:00 GMT</pubDate>
    <title>香港天文台於2024年01月23日07時02分發出之天氣報告</title>
    <category>R</category>

    <link>https://www.weather.gov.hk/tc/wxinfo/currwx/current.htm</link>
<description><![CDATA[
						<p>
				<img src="https://rss.weather.gov.hk/img/pic62.png" style="vertical-align: middle;"><br/><br/>	
        上 午 7 時 				
		天 文 台 錄 得：<br/>
		氣 溫 ： 6 度<br/>
		相 對 濕 度 ： 百 分 之 89<br/>


<br/>
受 強 烈 冬 季 季 候 風 及 廣 闊 雲 雨 帶 影 響 ， 本 港 今 早 天 氣 嚴 寒 ， 市 區 氣 溫 下 降 至 6 度 左 右 ， 新 界 再 低 兩 三 度 ， 高 地 氣 溫 顯 著 較 低 ， 並 可 能 會 結 冰 。 市 民 、 駕 駛 人 士 及 騎 單 車 者 需 提 防 路 滑 帶 來 的 危 險 。 由 於 有 雨 ， 加 上 風 寒 效 應 顯 著 ， 身 體 感 覺 的 溫 度 會 較 實 際 氣 溫 低 。 市 民 請 注 意 保 暖 ， 多 穿 禦 寒 衣 物 ， 並 關 顧 長 者 及 慢 性 病 患 者 。<br/>






						
<br/><font color="red"><SPAN id='warning_message' >請注意：<br/>強烈季候風信號現正生效。<br/>寒冷天氣警告現正生效，天氣寒冷可能影響健康，市民應小心保暖。<br/></SPAN><br/>		</font><p></p>
本 港 其 他 地 區 的 氣 溫 ：<br/>
                <font size="-1">
    <table border="0" cellspacing="0" cellpadding="0">

<tr><td>天 文 台 </td><td width="100" align="right">6 度 ，</td></tr>
<tr><td>京 士 柏 </td><td width="100" align="right">5 度 ，</td></tr>
<tr><td>黃 竹 坑 </td><td width="100" align="right">7 度 ，</td></tr>
<tr><td>打 鼓 嶺 </td><td width="100" align="right">4 度 ，</td></tr>
<tr><td>流 浮 山 </td><td width="100" align="right">5 度 ，</td></tr>
<tr><td>大 埔 </td><td width="100" align="right">5 度 ，</td></tr>
<tr><td>沙 田 </td><td width="100" align="right">5 度 ，</td></tr>
<tr><td>屯 門 </td><td width="100" align="right">5 度 ，</td></tr>
<tr><td>將 軍 澳 </td><td width="100" align="right">6 度 ，</td></tr>
<tr><td>西 貢 </td><td width="100" align="right">5 度 ，</td></tr>
<tr><td>長 洲 </td><td width="100" align="right">5 度 ，</td></tr>
<tr><td>赤 鱲  角    </td><td width="100" align="right">6 度 ，</td></tr>
<tr><td>青 衣 </td><td width="100" align="right">6 度 ，</td></tr>
<tr><td>石 崗 </td><td width="100" align="right">5 度 ，</td></tr>
<tr><td>荃 灣 可 觀 </td><td width="100" align="right">4 度 ，</td></tr>
<tr><td>荃 灣 城 門 谷 </td><td width="100" align="right">6 度 ，</td></tr>
<tr><td>香 港 公 園 </td><td width="100" align="right">6 度 ，</td></tr>
<tr><td>筲 箕 灣 </td><td width="100" align="right">6 度 ，</td></tr>
<tr><td>九 龍 城 </td><td width="100" align="right">5 度 ，</td></tr>
<tr><td>跑 馬 地 </td><td width="100" align="right">7 度 ，</td></tr>
<tr><td>黃 大 仙 </td><td width="100" align="right">6 度 ，</td></tr>
<tr><td>赤 柱 </td><td width="100" align="right">7 度 ，</td></tr>
<tr><td>觀 塘 </td><td width="100" align="right">5 度 ，</td></tr>
<tr><td>深 水 埗 </td><td width="100" align="right">5 度 ，</td></tr>
<tr><td>啟 德 跑 道 公 園 </td><td width="100" align="right">6 度 ，</td></tr>
<tr><td>元 朗 公 園 </td><td width="100" align="right">5 度 ，</td></tr>
<tr><td>大 美 督 </td><td width="100" align="right">5 度 。</td></tr>
    </table></font><br/>
<br/>
上 午 5 時 45 分  至 6 時 45 分  ， 各 區 錄 得 雨 量 如 下 ：<br/><table border="0" cellspacing="0" cellpadding="0">
<tr><td>觀 塘 </td><td width="100" align="right">0 至 1 毫 米 ， 
</td></tr>
<tr><td>黃 大 仙 </td><td width="100" align="right">0 至 1 毫 米 ， 
</td></tr>
<tr><td>離 島 區 </td><td width="100" align="right">0 至 1 毫 米 ， 
</td></tr>
<tr><td>沙 田 </td><td width="100" align="right">0 至 1 毫 米 ， 
</td></tr>
<tr><td>大 埔 </td><td width="100" align="right">0 至 1 毫 米 ， 
</td></tr>
<tr><td>屯 門 </td><td width="100" align="right">0 至 1 毫 米 。 
</td></tr>
</table><br/>
]]>
        </description>
</item></channel></rss>